{
  "images" : [
    {
      "scale" : "1x",
      "idiom" : "universal",
      "filename" : "navigation_bg_image.png",
      "resizing" : {
        "mode" : "9-part",
        "center" : {
          "mode" : "tile",
          "width" : 305,
          "height" : 38
        },
        "cap-insets" : {
          "left" : 9,
          "top" : 15,
          "right" : 6,
          "bottom" : 11
        }
      }
    },
    {
      "scale" : "2x",
      "idiom" : "universal",
      "filename" : "navigation_bg_image@2x.png",
      "resizing" : {
        "mode" : "9-part",
        "center" : {
          "mode" : "tile",
          "width" : 613,
          "height" : 83
        },
        "cap-insets" : {
          "left" : 15,
          "top" : 23,
          "right" : 12,
          "bottom" : 22
        }
      }
    },
    {
      "scale" : "3x",
      "idiom" : "universal",
      "filename" : "navigation_bg_image@3x.png",
      "resizing" : {
        "mode" : "9-part",
        "center" : {
          "mode" : "tile",
          "width" : 923,
          "height" : 119
        },
        "cap-insets" : {
          "left" : 22,
          "top" : 41,
          "right" : 15,
          "bottom" : 32
        }
      }
    }
  ],
  "info" : {
    "version" : 1,
    "author" : "xcode"
  }
}